val/GaussianNLL,val/MSE,epoch,step,train/GaussianNLL,train/MSE
0.3193945288658142,0.6387890577316284,0,124,,
,,0,124,0.4469362795352936,0.8938725590705872
0.10667219758033752,0.21334439516067505,1,249,,
,,1,249,0.1722649335861206,0.3445298671722412
0.0790119618177414,0.1580239236354828,2,374,,
,,2,374,0.08356215804815292,0.16712431609630585
0.07114050537347794,0.14228101074695587,3,499,,
,,3,499,0.06980579346418381,0.13961158692836761
0.0689988061785698,0.1379976123571396,4,624,,
,,4,624,0.06635511666536331,0.13271023333072662
0.0671633929014206,0.1343267858028412,5,749,,
,,5,749,0.06506151705980301,0.13012303411960602
0.06575416773557663,0.13150833547115326,6,874,,
,,6,874,0.06368463486433029,0.12736926972866058
0.06437738239765167,0.12875476479530334,7,999,,
,,7,999,0.062367815524339676,0.12473563104867935
0.06325701624155045,0.1265140324831009,8,1124,,
,,8,1124,0.06099101901054382,0.12198203802108765
0.061358995735645294,0.12271799147129059,9,1249,,
,,9,1249,0.059744179248809814,0.11948835849761963
0.061092671006917953,0.12218534201383591,10,1374,,
,,10,1374,0.058107513934373856,0.11621502786874771
0.05787304788827896,0.11574609577655792,11,1499,,
,,11,1499,0.05634230002760887,0.11268460005521774
0.05537760630249977,0.11075521260499954,12,1624,,
,,12,1624,0.05434245243668556,0.10868490487337112
0.052736181765794754,0.10547236353158951,13,1749,,
,,13,1749,0.051825206726789474,0.10365041345357895
0.050345513969659805,0.10069102793931961,14,1874,,
,,14,1874,0.049204424023628235,0.09840884804725647
0.04833978787064552,0.09667957574129105,15,1999,,
,,15,1999,0.04691172018647194,0.09382344037294388
0.046302177011966705,0.09260435402393341,16,2124,,
,,16,2124,0.044638630002737045,0.08927726000547409
0.044188082218170166,0.08837616443634033,17,2249,,
,,17,2249,0.042779989540576935,0.08555997908115387
0.043910447508096695,0.08782089501619339,18,2374,,
,,18,2374,0.04092378541827202,0.08184757083654404
0.04140224680304527,0.08280449360609055,19,2499,,
,,19,2499,0.03981621190905571,0.07963242381811142
0.04036585986614227,0.08073171973228455,20,2624,,
,,20,2624,0.038295943289995193,0.07659188657999039
0.040016330778598785,0.08003266155719757,21,2749,,
,,21,2749,0.03725406900048256,0.07450813800096512
0.038699954748153687,0.07739990949630737,22,2874,,
,,22,2874,0.036464616656303406,0.07292923331260681
0.03828243911266327,0.07656487822532654,23,2999,,
,,23,2999,0.03584330901503563,0.07168661803007126
0.03765116631984711,0.07530233263969421,24,3124,,
,,24,3124,0.0351659394800663,0.0703318789601326
0.03761637955904007,0.07523275911808014,25,3249,,
,,25,3249,0.034872427582740784,0.06974485516548157
0.03707490861415863,0.07414981722831726,26,3374,,
,,26,3374,0.03423690050840378,0.06847380101680756
0.03701155632734299,0.07402311265468597,27,3499,,
,,27,3499,0.03404971584677696,0.06809943169355392
0.03637465834617615,0.0727493166923523,28,3624,,
,,28,3624,0.03362370654940605,0.0672474130988121
0.035666290670633316,0.07133258134126663,29,3749,,
,,29,3749,0.033270929008722305,0.06654185801744461
0.03561946004629135,0.0712389200925827,30,3874,,
,,30,3874,0.03249059244990349,0.06498118489980698
0.034897174686193466,0.06979434937238693,31,3999,,
,,31,3999,0.03217604383826256,0.06435208767652512
0.0345466211438179,0.0690932422876358,32,4124,,
,,32,4124,0.03188437223434448,0.06376874446868896
0.034275803714990616,0.06855160742998123,33,4249,,
,,33,4249,0.03143772482872009,0.06287544965744019
0.03453174605965614,0.06906349211931229,34,4374,,
,,34,4374,0.031177710741758347,0.06235542148351669
0.03418958559632301,0.06837917119264603,35,4499,,
,,35,4499,0.031074192374944687,0.062148384749889374
0.03394195809960365,0.0678839161992073,36,4624,,
,,36,4624,0.03088039718568325,0.0617607943713665
0.03368498757481575,0.0673699751496315,37,4749,,
,,37,4749,0.030679233372211456,0.06135846674442291
0.033495739102363586,0.06699147820472717,38,4874,,
,,38,4874,0.03050796501338482,0.06101593002676964
0.03345566242933273,0.06691132485866547,39,4999,,
,,39,4999,0.030384281650185585,0.06076856330037117
0.034590944647789,0.069181889295578,40,5124,,
,,40,5124,0.030261479318141937,0.060522958636283875
0.033282484859228134,0.06656496971845627,41,5249,,
,,41,5249,0.030421337112784386,0.06084267422556877
0.03396335989236832,0.06792671978473663,42,5374,,
,,42,5374,0.03013596311211586,0.06027192622423172
0.0332210473716259,0.0664420947432518,43,5499,,
,,43,5499,0.03009406290948391,0.06018812581896782
0.03323996439576149,0.06647992879152298,44,5624,,
,,44,5624,0.03020876832306385,0.0604175366461277
0.03357654809951782,0.06715309619903564,45,5749,,
,,45,5749,0.030098531395196915,0.06019706279039383
0.03332136571407318,0.06664273142814636,46,5874,,
,,46,5874,0.02995222434401512,0.05990444868803024
0.033225733786821365,0.06645146757364273,47,5999,,
,,47,5999,0.030118411406874657,0.06023682281374931
0.03340451419353485,0.0668090283870697,48,6124,,
,,48,6124,0.0300232395529747,0.0600464791059494
0.033104412257671356,0.06620882451534271,49,6249,,
,,49,6249,0.029919691383838654,0.05983938276767731
0.03314846009016037,0.06629692018032074,50,6374,,
,,50,6374,0.029947830364108086,0.05989566072821617
0.03310651704668999,0.06621303409337997,51,6499,,
,,51,6499,0.0298553965985775,0.059710793197155
0.03335310146212578,0.06670620292425156,52,6624,,
,,52,6624,0.029956262558698654,0.05991252511739731
0.03309986740350723,0.06619973480701447,53,6749,,
,,53,6749,0.029917221516370773,0.05983444303274155
0.03316550329327583,0.06633100658655167,54,6874,,
,,54,6874,0.029839763417840004,0.05967952683568001
0.03342257812619209,0.06684515625238419,55,6999,,
,,55,6999,0.029760142788290977,0.059520285576581955
0.03327855095267296,0.06655710190534592,56,7124,,
,,56,7124,0.029788382351398468,0.059576764702796936
0.03304104879498482,0.06608209758996964,57,7249,,
,,57,7249,0.029732773080468178,0.059465546160936356
0.03358447179198265,0.0671689435839653,58,7374,,
,,58,7374,0.02974840998649597,0.05949681997299194
0.033172089606523514,0.06634417921304703,59,7499,,
,,59,7499,0.02978060208261013,0.05956120416522026
0.03300726041197777,0.06601452082395554,60,7624,,
,,60,7624,0.029904406517744064,0.05980881303548813
0.03306465968489647,0.06612931936979294,61,7749,,
,,61,7749,0.02982202358543873,0.05964404717087746
0.033651191741228104,0.06730238348245621,62,7874,,
,,62,7874,0.029777618125081062,0.059555236250162125
0.033229947090148926,0.06645989418029785,63,7999,,
,,63,7999,0.029709070920944214,0.05941814184188843
0.033089421689510345,0.06617884337902069,64,8124,,
,,64,8124,0.02976885437965393,0.05953770875930786
0.033000558614730835,0.06600111722946167,65,8249,,
,,65,8249,0.02966289222240448,0.05932578444480896
0.03303591534495354,0.06607183068990707,66,8374,,
,,66,8374,0.029720842838287354,0.05944168567657471
0.033061131834983826,0.06612226366996765,67,8499,,
,,67,8499,0.029682582244277,0.059365164488554
0.03327063471078873,0.06654126942157745,68,8624,,
,,68,8624,0.029617972671985626,0.05923594534397125
0.03304209187626839,0.06608418375253677,69,8749,,
,,69,8749,0.029716243967413902,0.059432487934827805
0.03298434615135193,0.06596869230270386,70,8874,,
,,70,8874,0.0296793095767498,0.0593586191534996
0.033488113433122635,0.06697622686624527,71,8999,,
,,71,8999,0.02962576039135456,0.05925152078270912
0.03322398290038109,0.06644796580076218,72,9124,,
,,72,9124,0.029750054702162743,0.059500109404325485
0.03306201472878456,0.06612402945756912,73,9249,,
,,73,9249,0.029786132276058197,0.059572264552116394
0.03322596848011017,0.06645193696022034,74,9374,,
,,74,9374,0.029650947079062462,0.059301894158124924
0.03339426591992378,0.06678853183984756,75,9499,,
,,75,9499,0.029678167775273323,0.059356335550546646
0.03347250446677208,0.06694500893354416,76,9624,,
,,76,9624,0.02982548251748085,0.0596509650349617
0.03326592966914177,0.06653185933828354,77,9749,,
,,77,9749,0.029774587601423264,0.05954917520284653
0.03310889005661011,0.06621778011322021,78,9874,,
,,78,9874,0.02976548857986927,0.05953097715973854
0.03296683356165886,0.06593366712331772,79,9999,,
,,79,9999,0.02971641533076763,0.05943283066153526
0.033647872507572174,0.06729574501514435,80,10124,,
,,80,10124,0.029592756181955338,0.059185512363910675
0.03291548788547516,0.06583097577095032,81,10249,,
,,81,10249,0.02980896458029747,0.05961792916059494
0.03329339623451233,0.06658679246902466,82,10374,,
,,82,10374,0.029659606516361237,0.05931921303272247
0.03310980647802353,0.06621961295604706,83,10499,,
,,83,10499,0.02971014566719532,0.05942029133439064
0.03389779105782509,0.06779558211565018,84,10624,,
,,84,10624,0.029838865622878075,0.05967773124575615
0.03302464634180069,0.06604929268360138,85,10749,,
,,85,10749,0.02988731488585472,0.05977462977170944
0.033043280243873596,0.06608656048774719,86,10874,,
,,86,10874,0.029859498143196106,0.05971899628639221
0.03295848146080971,0.06591696292161942,87,10999,,
,,87,10999,0.02967628836631775,0.0593525767326355
0.03325091302394867,0.06650182604789734,88,11124,,
,,88,11124,0.029682274907827377,0.059364549815654755
0.03302218019962311,0.06604436039924622,89,11249,,
,,89,11249,0.02959880791604519,0.05919761583209038
0.0334368459880352,0.0668736919760704,90,11374,,
,,90,11374,0.029700635001063347,0.059401270002126694
0.03314485773444176,0.06628971546888351,91,11499,,
,,91,11499,0.029697474092245102,0.059394948184490204
0.03329594433307648,0.06659188866615295,92,11624,,
,,92,11624,0.02973349578678608,0.05946699157357216
0.033104825764894485,0.06620965152978897,93,11749,,
,,93,11749,0.02967098355293274,0.05934196710586548
0.033107127994298935,0.06621425598859787,94,11874,,
,,94,11874,0.029654566198587418,0.059309132397174835
0.032959289848804474,0.06591857969760895,95,11999,,
,,95,11999,0.02969766966998577,0.05939533933997154
0.0330900214612484,0.0661800429224968,96,12124,,
,,96,12124,0.02973085641860962,0.05946171283721924
0.03349779546260834,0.06699559092521667,97,12249,,
,,97,12249,0.029715493321418762,0.059430986642837524
0.03288497403264046,0.06576994806528091,98,12374,,
,,98,12374,0.029627656564116478,0.059255313128232956
0.03319520503282547,0.06639041006565094,99,12499,,
,,99,12499,0.029672447592020035,0.05934489518404007
0.033376384526491165,0.06675276905298233,100,12624,,
,,100,12624,0.029701916500926018,0.059403833001852036
0.03317189961671829,0.06634379923343658,101,12749,,
,,101,12749,0.029725095257163048,0.059450190514326096
0.03306978940963745,0.0661395788192749,102,12874,,
,,102,12874,0.029782438650727272,0.059564877301454544
0.03305633366107941,0.06611266732215881,103,12999,,
,,103,12999,0.02973061054944992,0.05946122109889984
0.03374142199754715,0.0674828439950943,104,13124,,
,,104,13124,0.029814966022968292,0.059629932045936584
0.03307836502790451,0.06615673005580902,105,13249,,
,,105,13249,0.029881590977311134,0.05976318195462227
0.033311229199171066,0.06662245839834213,106,13374,,
,,106,13374,0.02966601401567459,0.05933202803134918
0.033465202897787094,0.06693040579557419,107,13499,,
,,107,13499,0.029606441035866737,0.059212882071733475
0.033201079815626144,0.06640215963125229,108,13624,,
,,108,13624,0.0296503733843565,0.059300746768713
0.0332619808614254,0.0665239617228508,109,13749,,
,,109,13749,0.0296401958912611,0.0592803917825222
0.032998226583004,0.065996453166008,110,13874,,
,,110,13874,0.029705654829740524,0.05941130965948105
0.033552687615156174,0.06710537523031235,111,13999,,
,,111,13999,0.029779577627778053,0.05955915525555611
0.033223122358322144,0.06644624471664429,112,14124,,
,,112,14124,0.02974170260131359,0.05948340520262718
0.033044617623090744,0.06608923524618149,113,14249,,
,,113,14249,0.02963530644774437,0.05927061289548874
0.03319278731942177,0.06638557463884354,114,14374,,
,,114,14374,0.029672596603631973,0.05934519320726395
0.033065326511859894,0.06613065302371979,115,14499,,
,,115,14499,0.02967827208340168,0.05935654416680336
0.03306201100349426,0.06612402200698853,116,14624,,
,,116,14624,0.029617922380566597,0.059235844761133194
0.03308117017149925,0.0661623403429985,117,14749,,
,,117,14749,0.029653172940015793,0.059306345880031586
0.03319574519991875,0.0663914903998375,118,14874,,
,,118,14874,0.02957272157073021,0.05914544314146042
0.033250704407691956,0.06650140881538391,119,14999,,
,,119,14999,0.029712775722146034,0.05942555144429207
0.0330999530851841,0.0661999061703682,120,15124,,
,,120,15124,0.029713472351431847,0.05942694470286369
0.03301714360713959,0.06603428721427917,121,15249,,
,,121,15249,0.02964990772306919,0.05929981544613838
0.033210959285497665,0.06642191857099533,122,15374,,
,,122,15374,0.029566463083028793,0.05913292616605759
0.03325701132416725,0.0665140226483345,123,15499,,
,,123,15499,0.029670581221580505,0.05934116244316101
0.0332498662173748,0.0664997324347496,124,15624,,
,,124,15624,0.02957885153591633,0.05915770307183266
0.03315988555550575,0.0663197711110115,125,15749,,
,,125,15749,0.02960542030632496,0.05921084061264992
0.03338566794991493,0.06677133589982986,126,15874,,
,,126,15874,0.02959280088543892,0.05918560177087784
0.03306309133768082,0.06612618267536163,127,15999,,
,,127,15999,0.02973710000514984,0.05947420001029968
0.0335705503821373,0.0671411007642746,128,16124,,
,,128,16124,0.029637141153216362,0.059274282306432724
0.033125605434179306,0.06625121086835861,129,16249,,
,,129,16249,0.029634252190589905,0.05926850438117981
0.03314157575368881,0.06628315150737762,130,16374,,
,,130,16374,0.02975732460618019,0.05951464921236038
0.0333423987030983,0.0666847974061966,131,16499,,
,,131,16499,0.029626857489347458,0.059253714978694916
0.03304256871342659,0.06608513742685318,132,16624,,
,,132,16624,0.029607044532895088,0.059214089065790176
0.033067233860492706,0.06613446772098541,133,16749,,
,,133,16749,0.029606960713863373,0.059213921427726746
0.03332830220460892,0.06665660440921783,134,16874,,
,,134,16874,0.02966715209186077,0.05933430418372154
0.03351660445332527,0.06703320890665054,135,16999,,
,,135,16999,0.029650963842868805,0.05930192768573761
0.03379717841744423,0.06759435683488846,136,17124,,
,,136,17124,0.029521729797124863,0.059043459594249725
0.03319646045565605,0.0663929209113121,137,17249,,
,,137,17249,0.029795948415994644,0.05959189683198929
0.03374775871634483,0.06749551743268967,138,17374,,
,,138,17374,0.029787547886371613,0.059575095772743225
0.03310424089431763,0.06620848178863525,139,17499,,
,,139,17499,0.02977093867957592,0.05954187735915184
0.032938797026872635,0.06587759405374527,140,17624,,
,,140,17624,0.02969980239868164,0.05939960479736328
0.0329432375729084,0.0658864751458168,141,17749,,
,,141,17749,0.02969985082745552,0.05939970165491104
0.0337480865418911,0.0674961730837822,142,17874,,
,,142,17874,0.029554978013038635,0.05910995602607727
0.033269744366407394,0.06653948873281479,143,17999,,
,,143,17999,0.029595674946904182,0.059191349893808365
0.03290180861949921,0.06580361723899841,144,18124,,
,,144,18124,0.029673900455236435,0.05934780091047287
0.03361804783344269,0.06723609566688538,145,18249,,
,,145,18249,0.029553890228271484,0.05910778045654297
0.03335713967680931,0.06671427935361862,146,18374,,
,,146,18374,0.029606865718960762,0.059213731437921524
0.033034805208444595,0.06606961041688919,147,18499,,
,,147,18499,0.02961416356265545,0.0592283271253109
0.03346343711018562,0.06692687422037125,148,18624,,
,,148,18624,0.02960238605737686,0.05920477211475372
-0.8475668430328369,0.0683116763830185,149,18749,,
,,149,18749,-0.5565351247787476,0.0627318024635315
-0.8682401776313782,0.06804271787405014,150,18874,,
,,150,18874,-0.8885841965675354,0.06095539405941963
-0.8909149169921875,0.06662315130233765,151,18999,,
,,151,18999,-0.9189082980155945,0.06004618853330612
-0.891689658164978,0.06708380579948425,152,19124,,
,,152,19124,-0.9294617176055908,0.05981139466166496
-0.908811628818512,0.0663812905550003,153,19249,,
,,153,19249,-0.9327433109283447,0.06042023003101349
-0.909421443939209,0.06638969480991364,154,19374,,
,,154,19374,-0.9429305195808411,0.05968381091952324
-0.9218131303787231,0.06589167565107346,155,19499,,
,,155,19499,-0.9477068185806274,0.06000219285488129
-0.905009388923645,0.06862033903598785,156,19624,,
,,156,19624,-0.9583454728126526,0.05938934162259102
-0.9230528473854065,0.0660019963979721,157,19749,,
,,157,19749,-0.9561840891838074,0.06022253632545471
-0.9338199496269226,0.06581225246191025,158,19874,,
,,158,19874,-0.9636991024017334,0.05957022309303284
-0.9339939951896667,0.06591252982616425,159,19999,,
,,159,19999,-0.9682121872901917,0.059548500925302505
-0.9381356835365295,0.06598778814077377,160,20124,,
,,160,20124,-0.9704611301422119,0.05975924804806709
-0.944057285785675,0.0657167136669159,161,20249,,
,,161,20249,-0.9741429090499878,0.05967091768980026
-0.9421871304512024,0.06606636196374893,162,20374,,
,,162,20374,-0.9796497821807861,0.05934217944741249
-0.9326290488243103,0.06686019897460938,163,20499,,
,,163,20499,-0.9819942116737366,0.059401046484708786
-0.9545380473136902,0.06563640385866165,164,20624,,
,,164,20624,-0.9869101047515869,0.059233978390693665
-0.9502496719360352,0.06597024947404861,165,20749,,
,,165,20749,-0.9869694113731384,0.05949334427714348
-0.9588469862937927,0.06575042009353638,166,20874,,
,,166,20874,-0.99111008644104,0.059357911348342896
-0.962786853313446,0.06588468700647354,167,20999,,
,,167,20999,-0.9969510436058044,0.05939771607518196
-0.9623881578445435,0.06592650711536407,168,21124,,
,,168,21124,-0.9971252679824829,0.059417255222797394
-0.9677335023880005,0.06567204743623734,169,21249,,
,,169,21249,-1.0012609958648682,0.05934618040919304
-0.9719023704528809,0.06571359187364578,170,21374,,
,,170,21374,-1.001037836074829,0.05968668684363365
-0.9499492645263672,0.06808082014322281,171,21499,,
,,171,21499,-1.0054622888565063,0.05951016768813133
-0.9679088592529297,0.06671386957168579,172,21624,,
,,172,21624,-1.0100572109222412,0.059343524277210236
-0.9731606245040894,0.06598366051912308,173,21749,,
,,173,21749,-1.0047316551208496,0.059805355966091156
-0.9855254292488098,0.06562156975269318,174,21874,,
,,174,21874,-1.014578938484192,0.059351757168769836
-0.969679594039917,0.06750418990850449,175,21999,,
,,175,21999,-1.0168707370758057,0.05953593924641609
-0.9872882962226868,0.06578487902879715,176,22124,,
,,176,22124,-1.0193029642105103,0.05955151841044426
-0.9700358510017395,0.0673675611615181,177,22249,,
,,177,22249,-1.0200706720352173,0.0597580187022686
-0.9914303421974182,0.06623232364654541,178,22374,,
,,178,22374,-1.024695634841919,0.059372127056121826
-0.9852690696716309,0.0662422627210617,179,22499,,
,,179,22499,-1.029504656791687,0.05935274809598923
-0.9952569603919983,0.06603763997554779,180,22624,,
,,180,22624,-1.0256370306015015,0.05995240435004234
-0.9870628118515015,0.0663556382060051,181,22749,,
,,181,22749,-1.0319401025772095,0.059466902166604996
-1.005091667175293,0.06603006273508072,182,22874,,
,,182,22874,-1.0353180170059204,0.05942009389400482
-0.9959858655929565,0.06721711903810501,183,22999,,
,,183,22999,-1.0374994277954102,0.0594414621591568
-0.9880352020263672,0.0664907693862915,184,23124,,
,,184,23124,-1.0414315462112427,0.059445712715387344
-1.0147209167480469,0.06597236543893814,185,23249,,
,,185,23249,-1.0409109592437744,0.05936082452535629
-1.016727089881897,0.06582453846931458,186,23374,,
,,186,23374,-1.042504906654358,0.059647366404533386
-1.017912745475769,0.06579991430044174,187,23499,,
,,187,23499,-1.0452929735183716,0.05968742445111275
-1.01388418674469,0.06707057356834412,188,23624,,
,,188,23624,-1.0512279272079468,0.059394583106040955
-1.0240933895111084,0.06575769931077957,189,23749,,
,,189,23749,-1.0511107444763184,0.059753406792879105
-1.0286459922790527,0.06550247222185135,190,23874,,
,,190,23874,-1.053395390510559,0.05947902798652649
-1.0266988277435303,0.0659136176109314,191,23999,,
,,191,23999,-1.0554537773132324,0.05965306609869003
-1.0294442176818848,0.06591614335775375,192,24124,,
,,192,24124,-1.0563154220581055,0.05956001952290535
-1.0288686752319336,0.06593481451272964,193,24249,,
,,193,24249,-1.0587328672409058,0.05965888127684593
-1.0262751579284668,0.06647714227437973,194,24374,,
,,194,24374,-1.0582350492477417,0.05973879620432854
-1.0397175550460815,0.06558344513177872,195,24499,,
,,195,24499,-1.0629016160964966,0.05964972823858261
-1.0412228107452393,0.06545211374759674,196,24624,,
,,196,24624,-1.0633971691131592,0.059584394097328186
-1.0419228076934814,0.06590583175420761,197,24749,,
,,197,24749,-1.0657888650894165,0.059705059975385666
-1.0406129360198975,0.06600315868854523,198,24874,,
,,198,24874,-1.0664153099060059,0.05992097780108452
-1.048186182975769,0.06555192172527313,199,24999,,
,,199,24999,-1.0709969997406006,0.0596182607114315
-1.050149917602539,0.06552392989397049,200,25124,,
,,200,25124,-1.0709441900253296,0.05974121764302254
-1.0503976345062256,0.06574451923370361,201,25249,,
,,201,25249,-1.0725007057189941,0.059813208878040314
-1.0503356456756592,0.06591269373893738,202,25374,,
,,202,25374,-1.0733612775802612,0.05988026037812233
-1.0581018924713135,0.06542385369539261,203,25499,,
,,203,25499,-1.079464316368103,0.05952330306172371
-1.054842472076416,0.06587482988834381,204,25624,,
,,204,25624,-1.0763567686080933,0.05979671701788902
-1.0457706451416016,0.06643659621477127,205,25749,,
,,205,25749,-1.0794110298156738,0.059726230800151825
-1.0580106973648071,0.06596271693706512,206,25874,,
,,206,25874,-1.0795536041259766,0.05975431203842163
-1.056538462638855,0.06630191951990128,207,25999,,
,,207,25999,-1.0832545757293701,0.06003524735569954
-1.0634188652038574,0.06601224094629288,208,26124,,
,,208,26124,-1.0848140716552734,0.05987122654914856
-1.0557562112808228,0.06657460331916809,209,26249,,
,,209,26249,-1.0846047401428223,0.060164064168930054
-1.0633935928344727,0.06661725044250488,210,26374,,
,,210,26374,-1.0854480266571045,0.06011587008833885
-1.0728588104248047,0.06579985469579697,211,26499,,
,,211,26499,-1.0873547792434692,0.060298219323158264
-1.068132758140564,0.06624599546194077,212,26624,,
,,212,26624,-1.088894248008728,0.06031971424818039
-1.071745753288269,0.06626836210489273,213,26749,,
,,213,26749,-1.0907084941864014,0.060268204659223557
-1.0627329349517822,0.06675555557012558,214,26874,,
,,214,26874,-1.0881953239440918,0.06056538224220276
-1.0800106525421143,0.0658249706029892,215,26999,,
,,215,26999,-1.0948048830032349,0.060398753732442856
-1.076986312866211,0.06609293818473816,216,27124,,
,,216,27124,-1.09489905834198,0.060425013303756714
-1.0678702592849731,0.06739354878664017,217,27249,,
,,217,27249,-1.0958844423294067,0.0602937750518322
-1.0771478414535522,0.06632623821496964,218,27374,,
,,218,27374,-1.0971894264221191,0.0605020746588707
-1.0750904083251953,0.06650393456220627,219,27499,,
,,219,27499,-1.0996817350387573,0.0601545125246048
-1.0752410888671875,0.06649454683065414,220,27624,,
,,220,27624,-1.097558856010437,0.060547079890966415
-1.0837771892547607,0.06645338237285614,221,27749,,
,,221,27749,-1.1036646366119385,0.06024601683020592
-1.067286491394043,0.06701256334781647,222,27874,,
,,222,27874,-1.10555100440979,0.060339413583278656
-1.0874069929122925,0.06626177579164505,223,27999,,
,,223,27999,-1.1047024726867676,0.060307133942842484
-1.093691110610962,0.06604113429784775,224,28124,,
,,224,28124,-1.104788064956665,0.06039596349000931
-1.0841459035873413,0.06683287024497986,225,28249,,
,,225,28249,-1.1068115234375,0.06031670421361923
-1.0846614837646484,0.06705491244792938,226,28374,,
,,226,28374,-1.1061475276947021,0.06093297526240349
-1.0894153118133545,0.06708984076976776,227,28499,,
,,227,28499,-1.1045664548873901,0.060709334909915924
-1.0927722454071045,0.0662192553281784,228,28624,,
,,228,28624,-1.1124218702316284,0.06042224168777466
-1.0884218215942383,0.06653261929750443,229,28749,,
,,229,28749,-1.107326626777649,0.06061870604753494
-1.0818442106246948,0.06842314451932907,230,28874,,
,,230,28874,-1.1108276844024658,0.06032470613718033
-1.080673098564148,0.06798940151929855,231,28999,,
,,231,28999,-1.1097655296325684,0.060737643390893936
-1.0895298719406128,0.0665968731045723,232,29124,,
,,232,29124,-1.11033296585083,0.06076842173933983
-1.0971713066101074,0.06639022380113602,233,29249,,
,,233,29249,-1.1137605905532837,0.060230839997529984
-1.0992722511291504,0.06642831861972809,234,29374,,
,,234,29374,-1.1150394678115845,0.06020551919937134
-1.100188136100769,0.06628355383872986,235,29499,,
,,235,29499,-1.1167391538619995,0.06050686165690422
-1.1035581827163696,0.06622248888015747,236,29624,,
,,236,29624,-1.1148947477340698,0.06042500212788582
-1.0943278074264526,0.06704386323690414,237,29749,,
,,237,29749,-1.1164960861206055,0.06046418100595474
-1.1036313772201538,0.06617796421051025,238,29874,,
,,238,29874,-1.1169261932373047,0.06038547679781914
-1.086722493171692,0.06706085056066513,239,29999,,
,,239,29999,-1.1182547807693481,0.06045403331518173
-1.1032320261001587,0.0665573924779892,240,30124,,
,,240,30124,-1.1168195009231567,0.06021253764629364
-1.1046680212020874,0.06631020456552505,241,30249,,
,,241,30249,-1.1199848651885986,0.06020042672753334
-1.1075321435928345,0.06643825024366379,242,30374,,
,,242,30374,-1.118036150932312,0.06031249091029167
-1.107016682624817,0.06642137467861176,243,30499,,
,,243,30499,-1.118208885192871,0.0605727918446064
-1.0979465246200562,0.06731639802455902,244,30624,,
,,244,30624,-1.122518539428711,0.06033049151301384
-1.1067055463790894,0.06630504131317139,245,30749,,
,,245,30749,-1.1219865083694458,0.06016269326210022
-1.1095370054244995,0.06601779907941818,246,30874,,
,,246,30874,-1.1210887432098389,0.06052331253886223
-1.086538553237915,0.06722603738307953,247,30999,,
,,247,30999,-1.118160605430603,0.06068912521004677
-1.1111353635787964,0.06627260893583298,248,31124,,
,,248,31124,-1.1204514503479004,0.060410112142562866
-1.0961686372756958,0.06680746376514435,249,31249,,
,,249,31249,-1.124215006828308,0.0600377693772316
-1.108239769935608,0.06663361191749573,250,31374,,
,,250,31374,-1.1243950128555298,0.06030026450753212
-1.1114366054534912,0.06635420769453049,251,31499,,
,,251,31499,-1.12313973903656,0.06028848886489868
-1.1080032587051392,0.06661397963762283,252,31624,,
,,252,31624,-1.125909447669983,0.06034369021654129
-1.1096827983856201,0.06673236936330795,253,31749,,
,,253,31749,-1.1254369020462036,0.06016136333346367
-1.112663745880127,0.06673586368560791,254,31874,,
,,254,31874,-1.1257737874984741,0.06017487496137619
-1.1132097244262695,0.06640326976776123,255,31999,,
,,255,31999,-1.126517653465271,0.060138776898384094
-1.1107850074768066,0.06677304208278656,256,32124,,
,,256,32124,-1.1300835609436035,0.060059547424316406
-1.1125346422195435,0.06635800004005432,257,32249,,
,,257,32249,-1.128594160079956,0.06016780436038971
-1.1186130046844482,0.06602860242128372,258,32374,,
,,258,32374,-1.1294128894805908,0.06018168851733208
-1.107960820198059,0.06699900329113007,259,32499,,
,,259,32499,-1.13174307346344,0.059873513877391815
-1.117069959640503,0.06636979430913925,260,32624,,
,,260,32624,-1.1312952041625977,0.060212016105651855
-1.0926686525344849,0.06810174137353897,261,32749,,
,,261,32749,-1.126390814781189,0.06030995398759842
-1.1158238649368286,0.06622610986232758,262,32874,,
,,262,32874,-1.1317747831344604,0.06009576469659805
-1.1183079481124878,0.06620348244905472,263,32999,,
,,263,32999,-1.128702163696289,0.06049073114991188
-1.1160058975219727,0.066375732421875,264,33124,,
,,264,33124,-1.1314046382904053,0.06020604446530342
-1.1212025880813599,0.066084124147892,265,33249,,
,,265,33249,-1.1333781480789185,0.059956736862659454
-1.1024028062820435,0.06707070022821426,266,33374,,
,,266,33374,-1.131447672843933,0.060263365507125854
-1.1164884567260742,0.06652608513832092,267,33499,,
,,267,33499,-1.1274317502975464,0.06062697246670723
-1.123307466506958,0.06614693999290466,268,33624,,
,,268,33624,-1.1331690549850464,0.06014727056026459
-1.1200436353683472,0.06628129631280899,269,33749,,
,,269,33749,-1.1330710649490356,0.06018973886966705
-1.1227095127105713,0.06611248850822449,270,33874,,
,,270,33874,-1.1373690366744995,0.059983037412166595
-1.1163887977600098,0.06649313122034073,271,33999,,
,,271,33999,-1.1378834247589111,0.05993511900305748
-1.1253868341445923,0.06615446507930756,272,34124,,
,,272,34124,-1.1346904039382935,0.06007813289761543
-1.1224757432937622,0.06611233949661255,273,34249,,
,,273,34249,-1.1359925270080566,0.06007879599928856
-1.1194216012954712,0.06636504828929901,274,34374,,
,,274,34374,-1.1408863067626953,0.05992775410413742
-1.1137652397155762,0.06716854870319366,275,34499,,
,,275,34499,-1.1385724544525146,0.059952158480882645
-1.1229087114334106,0.06620797514915466,276,34624,,
,,276,34624,-1.1408120393753052,0.05996764451265335
-1.1092603206634521,0.06666523963212967,277,34749,,
,,277,34749,-1.1398694515228271,0.05994972214102745
-1.126359462738037,0.06610056757926941,278,34874,,
,,278,34874,-1.137373924255371,0.06021437421441078
-1.1210154294967651,0.06664171069860458,279,34999,,
,,279,34999,-1.1415107250213623,0.05968251824378967
-1.1206612586975098,0.06629402190446854,280,35124,,
,,280,35124,-1.1398539543151855,0.059995636343955994
-1.1292399168014526,0.06602743268013,281,35249,,
,,281,35249,-1.1391774415969849,0.060123465955257416
-1.1273423433303833,0.06612268090248108,282,35374,,
,,282,35374,-1.1446532011032104,0.05976727604866028
-1.1197646856307983,0.06650187075138092,283,35499,,
,,283,35499,-1.1433424949645996,0.059861499816179276
-1.1285001039505005,0.06618212908506393,284,35624,,
,,284,35624,-1.1425960063934326,0.059992365539073944
-1.1204627752304077,0.06722354888916016,285,35749,,
,,285,35749,-1.1452158689498901,0.059676554054021835
-1.1305404901504517,0.06622210144996643,286,35874,,
,,286,35874,-1.1451622247695923,0.0598677396774292
-1.1230353116989136,0.06634008139371872,287,35999,,
,,287,35999,-1.1433602571487427,0.06016167625784874
-1.1250041723251343,0.06647609174251556,288,36124,,
,,288,36124,-1.144826889038086,0.05980553850531578
-1.1339198350906372,0.06608535349369049,289,36249,,
,,289,36249,-1.1445144414901733,0.060096628963947296
-1.1205353736877441,0.06720224767923355,290,36374,,
,,290,36374,-1.1415307521820068,0.060216471552848816
-1.1276406049728394,0.06649334728717804,291,36499,,
,,291,36499,-1.147053837776184,0.059708207845687866
-1.1243512630462646,0.0669313296675682,292,36624,,
,,292,36624,-1.1477450132369995,0.05991896614432335
-1.133490800857544,0.0660891979932785,293,36749,,
,,293,36749,-1.1482418775558472,0.05976668372750282
-1.1273893117904663,0.06679674237966537,294,36874,,
,,294,36874,-1.1512571573257446,0.059575095772743225
-1.136842131614685,0.06595277041196823,295,36999,,
,,295,36999,-1.1485124826431274,0.059955108910799026
-1.133950114250183,0.06621824204921722,296,37124,,
,,296,37124,-1.1420447826385498,0.060053400695323944
-1.131615161895752,0.06639570742845535,297,37249,,
,,297,37249,-1.1496713161468506,0.059736572206020355
-1.1295892000198364,0.06636622548103333,298,37374,,
,,298,37374,-1.1520953178405762,0.059722114354372025
-1.1360623836517334,0.06613379716873169,299,37499,,
,,299,37499,-1.148860216140747,0.059984978288412094
-1.1325597763061523,0.06632093340158463,300,37624,,
,,300,37624,-1.1470797061920166,0.05983935296535492
-1.1359963417053223,0.06606615334749222,301,37749,,
,,301,37749,-1.1513104438781738,0.05958957225084305
-1.1337095499038696,0.06647492945194244,302,37874,,
,,302,37874,-1.1512950658798218,0.05984613671898842
-1.1333259344100952,0.06639991700649261,303,37999,,
,,303,37999,-1.1506755352020264,0.05997038260102272
-1.119358777999878,0.0667593777179718,304,38124,,
,,304,38124,-1.1540294885635376,0.059532810002565384
-1.1420127153396606,0.06617315113544464,305,38249,,
,,305,38249,-1.1532267332077026,0.05962751433253288
-1.1375517845153809,0.06615286320447922,306,38374,,
,,306,38374,-1.152470350265503,0.05968901515007019
-1.1399414539337158,0.06616856157779694,307,38499,,
,,307,38499,-1.1551198959350586,0.05980609357357025
-1.133019208908081,0.06672590970993042,308,38624,,
,,308,38624,-1.1525496244430542,0.05988583713769913
-1.1319109201431274,0.06663742661476135,309,38749,,
,,309,38749,-1.156410813331604,0.059648845344781876
-1.1425268650054932,0.06607730686664581,310,38874,,
,,310,38874,-1.1529638767242432,0.059952523559331894
-1.1309767961502075,0.06667330861091614,311,38999,,
,,311,38999,-1.1563125848770142,0.0597815178334713
-1.1340851783752441,0.06647428870201111,312,39124,,
,,312,39124,-1.154370903968811,0.059937071055173874
-1.1336400508880615,0.06638292968273163,313,39249,,
,,313,39249,-1.1558170318603516,0.059770334511995316
-1.1413745880126953,0.06623012572526932,314,39374,,
,,314,39374,-1.1552690267562866,0.05981168895959854
-1.1342360973358154,0.06633927673101425,315,39499,,
,,315,39499,-1.1558259725570679,0.05963096022605896
-1.13334059715271,0.06681356579065323,316,39624,,
,,316,39624,-1.1579418182373047,0.059759508818387985
-1.1296464204788208,0.06654786318540573,317,39749,,
,,317,39749,-1.1547983884811401,0.0599224716424942
-1.1456773281097412,0.06605533510446548,318,39874,,
,,318,39874,-1.1575238704681396,0.05962584912776947
-1.13047194480896,0.06692899763584137,319,39999,,
,,319,39999,-1.1573125123977661,0.059612128883600235
-1.1431336402893066,0.06651356816291809,320,40124,,
,,320,40124,-1.1572645902633667,0.059664491564035416
-1.1406581401824951,0.0661349967122078,321,40249,,
,,321,40249,-1.1587512493133545,0.05974199250340462
-1.1375433206558228,0.06686384975910187,322,40374,,
,,322,40374,-1.1601749658584595,0.0597262904047966
-1.1409224271774292,0.06638437509536743,323,40499,,
,,323,40499,-1.158875823020935,0.05967610329389572
-1.1430139541625977,0.06616726517677307,324,40624,,
,,324,40624,-1.158697485923767,0.0598662868142128
-1.1432100534439087,0.06637793034315109,325,40749,,
,,325,40749,-1.1586469411849976,0.05972294881939888
-1.1154307126998901,0.06722961366176605,326,40874,,
,,326,40874,-1.158932089805603,0.059734173119068146
-1.1397461891174316,0.06694813817739487,327,40999,,
,,327,40999,-1.1617209911346436,0.0593746192753315
-1.1469476222991943,0.0662161186337471,328,41124,,
,,328,41124,-1.1581939458847046,0.05991154909133911
-1.1382888555526733,0.06690508872270584,329,41249,,
,,329,41249,-1.164654016494751,0.059595320373773575
-1.1479284763336182,0.06621824204921722,330,41374,,
,,330,41374,-1.1588025093078613,0.05991838499903679
-1.144822597503662,0.06635171175003052,331,41499,,
,,331,41499,-1.1600937843322754,0.059823110699653625
-1.1378954648971558,0.0666886642575264,332,41624,,
,,332,41624,-1.1636360883712769,0.05957094952464104
-1.13728928565979,0.06683855503797531,333,41749,,
,,333,41749,-1.164483666419983,0.05950729921460152
-1.1444917917251587,0.06698396801948547,334,41874,,
,,334,41874,-1.160546064376831,0.059667423367500305
-1.1348888874053955,0.06681885570287704,335,41999,,
,,335,41999,-1.1619486808776855,0.05973169207572937
-1.1496341228485107,0.06614981591701508,336,42124,,
,,336,42124,-1.1657553911209106,0.05962930992245674
-1.152558445930481,0.06623493134975433,337,42249,,
,,337,42249,-1.1621694564819336,0.05973607674241066
-1.1504614353179932,0.06629391014575958,338,42374,,
,,338,42374,-1.1658697128295898,0.05954599753022194
-1.1470258235931396,0.06659445911645889,339,42499,,
,,339,42499,-1.1681280136108398,0.059388417750597
-1.1500914096832275,0.06638693064451218,340,42624,,
,,340,42624,-1.164618730545044,0.05958418548107147
-1.150282621383667,0.0664156973361969,341,42749,,
,,341,42749,-1.1686725616455078,0.05935710296034813
-1.1518465280532837,0.06629816442728043,342,42874,,
,,342,42874,-1.163124442100525,0.05986034497618675
-1.1397571563720703,0.066795714199543,343,42999,,
,,343,42999,-1.1670643091201782,0.05951204150915146
-1.149672508239746,0.0663667842745781,344,43124,,
,,344,43124,-1.162938117980957,0.059587426483631134
-1.1549980640411377,0.06619644910097122,345,43249,,
,,345,43249,-1.1634141206741333,0.05959922820329666
-1.1518406867980957,0.06606421619653702,346,43374,,
,,346,43374,-1.1683050394058228,0.059649962931871414
-1.144405722618103,0.06646333634853363,347,43499,,
,,347,43499,-1.169301986694336,0.05942414700984955
-1.1485815048217773,0.06635915488004684,348,43624,,
,,348,43624,-1.17118239402771,0.0593794584274292
-1.1511908769607544,0.0664534792304039,349,43749,,
,,349,43749,-1.1711617708206177,0.05934763699769974
-1.1536301374435425,0.06639569252729416,350,43874,,
,,350,43874,-1.168194055557251,0.05975743755698204
-1.1477357149124146,0.06667201220989227,351,43999,,
,,351,43999,-1.1661797761917114,0.05953501909971237
-1.153233289718628,0.06658460944890976,352,44124,,
,,352,44124,-1.1674925088882446,0.05961684137582779
-1.154199481010437,0.06634901463985443,353,44249,,
,,353,44249,-1.1658118963241577,0.060079991817474365
-1.1567258834838867,0.06619685888290405,354,44374,,
,,354,44374,-1.1719355583190918,0.05942733585834503
-1.148859977722168,0.0666552260518074,355,44499,,
,,355,44499,-1.1715929508209229,0.059349384158849716
-1.1474529504776,0.06650074571371078,356,44624,,
,,356,44624,-1.1727137565612793,0.05950503051280975
-1.1485756635665894,0.0666305348277092,357,44749,,
,,357,44749,-1.172773003578186,0.05933736264705658
-1.150610089302063,0.06642728298902512,358,44874,,
,,358,44874,-1.1730058193206787,0.05948760733008385
-1.1475026607513428,0.06669112294912338,359,44999,,
,,359,44999,-1.1707792282104492,0.05938112363219261
-1.1564111709594727,0.06631974130868912,360,45124,,
,,360,45124,-1.1697620153427124,0.05973377078771591
-1.1487956047058105,0.06679372489452362,361,45249,,
,,361,45249,-1.1721872091293335,0.05944103002548218
-1.1463450193405151,0.0668802484869957,362,45374,,
,,362,45374,-1.1692606210708618,0.05975465849041939
-1.1407994031906128,0.06734753400087357,363,45499,,
,,363,45499,-1.1717177629470825,0.059591107070446014
-1.1590466499328613,0.06643015146255493,364,45624,,
,,364,45624,-1.1717441082000732,0.05948828533291817
-1.1624343395233154,0.06630432605743408,365,45749,,
,,365,45749,-1.1726499795913696,0.05943160876631737
-1.1525523662567139,0.0667223259806633,366,45874,,
,,366,45874,-1.17598557472229,0.05938364192843437
-1.1367313861846924,0.0673397034406662,367,45999,,
,,367,45999,-1.175652265548706,0.05925804749131203
-1.1615283489227295,0.06638496369123459,368,46124,,
,,368,46124,-1.1749072074890137,0.05946891009807587
-1.1560324430465698,0.06623194366693497,369,46249,,
,,369,46249,-1.1759541034698486,0.05935915932059288
-1.160812497138977,0.06634658575057983,370,46374,,
,,370,46374,-1.1738961935043335,0.059321239590644836
-1.160648226737976,0.06647628545761108,371,46499,,
,,371,46499,-1.1763813495635986,0.05950256809592247
-1.16007661819458,0.06643173098564148,372,46624,,
,,372,46624,-1.1735848188400269,0.05957094579935074
-1.157644510269165,0.06655572354793549,373,46749,,
,,373,46749,-1.177412509918213,0.05934165418148041
-1.1593066453933716,0.06641773879528046,374,46874,,
,,374,46874,-1.1753772497177124,0.05949994549155235
-1.1553881168365479,0.06671314686536789,375,46999,,
,,375,46999,-1.1759027242660522,0.059504687786102295
-1.1619535684585571,0.06690753251314163,376,47124,,
,,376,47124,-1.179772138595581,0.05912055820226669
-1.1595262289047241,0.06661530584096909,377,47249,,
,,377,47249,-1.175971269607544,0.05945940688252449
-1.1687350273132324,0.06632790714502335,378,47374,,
,,378,47374,-1.1755666732788086,0.059544969350099564
-1.164896845817566,0.06646040827035904,379,47499,,
,,379,47499,-1.178018569946289,0.05942831560969353
-1.1656020879745483,0.06632078438997269,380,47624,,
,,380,47624,-1.1802140474319458,0.059356845915317535
-1.1491761207580566,0.06695528328418732,381,47749,,
,,381,47749,-1.1809427738189697,0.059267256408929825
-1.162799596786499,0.06663526594638824,382,47874,,
,,382,47874,-1.1786669492721558,0.05939590930938721
-1.150213599205017,0.06678229570388794,383,47999,,
,,383,47999,-1.1775634288787842,0.05931486561894417
-1.155942440032959,0.0666825994849205,384,48124,,
,,384,48124,-1.1798499822616577,0.05934277921915054
-1.167191982269287,0.0663861632347107,385,48249,,
,,385,48249,-1.178609848022461,0.059515681117773056
-1.1661452054977417,0.06681500375270844,386,48374,,
,,386,48374,-1.1800020933151245,0.05941374972462654
-1.1636005640029907,0.06636326014995575,387,48499,,
,,387,48499,-1.179192304611206,0.05937708169221878
-1.1698567867279053,0.06623336672782898,388,48624,,
,,388,48624,-1.1789307594299316,0.05940302461385727
-1.1682076454162598,0.06642699241638184,389,48749,,
,,389,48749,-1.1781163215637207,0.05951891839504242
-1.1693462133407593,0.06645151972770691,390,48874,,
,,390,48874,-1.1815788745880127,0.059414949268102646
-1.1711475849151611,0.06631400436162949,391,48999,,
,,391,48999,-1.1783502101898193,0.05947139114141464
-1.1709290742874146,0.06638158112764359,392,49124,,
,,392,49124,-1.1784849166870117,0.05934056639671326
-1.1581408977508545,0.06666238605976105,393,49249,,
,,393,49249,-1.1798886060714722,0.05949956923723221
-1.1624085903167725,0.06628517061471939,394,49374,,
,,394,49374,-1.1816052198410034,0.0594286248087883
-1.1684097051620483,0.06652451306581497,395,49499,,
,,395,49499,-1.183074712753296,0.05906910076737404
-1.1700021028518677,0.06656820327043533,396,49624,,
,,396,49624,-1.1832553148269653,0.05921686813235283
-1.168511152267456,0.06634541600942612,397,49749,,
,,397,49749,-1.1829524040222168,0.05938643962144852
-1.170626163482666,0.06636564433574677,398,49874,,
,,398,49874,-1.1848560571670532,0.059266217052936554
-1.1625148057937622,0.06626788526773453,399,49999,,
,,399,49999,-1.1845542192459106,0.05931447818875313
-1.1675691604614258,0.06628597527742386,400,50124,,
,,400,50124,-1.1807043552398682,0.05945262312889099
-1.1654082536697388,0.06678806245326996,401,50249,,
,,401,50249,-1.1836971044540405,0.05918489396572113
-1.1688544750213623,0.06660925596952438,402,50374,,
,,402,50374,-1.183308720588684,0.059322357177734375
-1.1381549835205078,0.06717134267091751,403,50499,,
,,403,50499,-1.1834181547164917,0.05948468670248985
-1.1711708307266235,0.06634967774152756,404,50624,,
,,404,50624,-1.1805763244628906,0.05936243757605553
-1.1677286624908447,0.06638431549072266,405,50749,,
,,405,50749,-1.1847548484802246,0.059155404567718506
-1.1444649696350098,0.06737808883190155,406,50874,,
,,406,50874,-1.185731053352356,0.059269681572914124
-1.166357159614563,0.06656145304441452,407,50999,,
,,407,50999,-1.1826990842819214,0.05945862829685211
-1.155568242073059,0.06672954559326172,408,51124,,
,,408,51124,-1.1863666772842407,0.05929120257496834
-1.169723629951477,0.06628698110580444,409,51249,,
,,409,51249,-1.18479323387146,0.059248823672533035
-1.1770824193954468,0.06629057228565216,410,51374,,
,,410,51374,-1.1836928129196167,0.05936508998274803
-1.1760976314544678,0.06629050523042679,411,51499,,
,,411,51499,-1.1823227405548096,0.05943416431546211
-1.1744931936264038,0.06636638939380646,412,51624,,
,,412,51624,-1.181156873703003,0.05967253819108009
-1.162947416305542,0.06663089245557785,413,51749,,
,,413,51749,-1.1834990978240967,0.05931256338953972
-1.1687054634094238,0.06642933189868927,414,51874,,
,,414,51874,-1.1831954717636108,0.0594324991106987
-1.1616932153701782,0.06676949560642242,415,51999,,
,,415,51999,-1.1853259801864624,0.05929376184940338
-1.1649024486541748,0.06668398529291153,416,52124,,
,,416,52124,-1.1874583959579468,0.059243857860565186
-1.1575716733932495,0.06709109246730804,417,52249,,
,,417,52249,-1.1851789951324463,0.05940556898713112
-1.163203477859497,0.06678535789251328,418,52374,,
,,418,52374,-1.1845637559890747,0.059465404599905014
-1.1756399869918823,0.0662960335612297,419,52499,,
,,419,52499,-1.1807150840759277,0.05963137745857239
-1.1671414375305176,0.06671270728111267,420,52624,,
,,420,52624,-1.182127833366394,0.059428729116916656
-1.1707355976104736,0.06645123660564423,421,52749,,
,,421,52749,-1.1834909915924072,0.05933874100446701
-1.1718038320541382,0.06617794185876846,422,52874,,
,,422,52874,-1.184989333152771,0.05946062132716179
-1.1755006313323975,0.06629858911037445,423,52999,,
,,423,52999,-1.1850745677947998,0.059432655572891235
-1.1694546937942505,0.0663355365395546,424,53124,,
,,424,53124,-1.1854275465011597,0.05952408164739609
-1.1489595174789429,0.0672646164894104,425,53249,,
,,425,53249,-1.1838120222091675,0.05946435034275055
-1.1739728450775146,0.06634952127933502,426,53374,,
,,426,53374,-1.1857616901397705,0.05950378254055977
-1.1655131578445435,0.06681877374649048,427,53499,,
,,427,53499,-1.1876137256622314,0.05948936939239502
-1.1778846979141235,0.0663667768239975,428,53624,,
,,428,53624,-1.1831514835357666,0.0595286525785923
-1.1751034259796143,0.06642060726881027,429,53749,,
,,429,53749,-1.1835275888442993,0.059467706829309464
-1.1721916198730469,0.06661119312047958,430,53874,,
,,430,53874,-1.1872199773788452,0.05922166258096695
-1.1776998043060303,0.06625407934188843,431,53999,,
,,431,53999,-1.1874552965164185,0.05929271876811981
-1.1785520315170288,0.06615746766328812,432,54124,,
,,432,54124,-1.1869709491729736,0.059384625405073166
-1.175284504890442,0.06652709096670151,433,54249,,
,,433,54249,-1.188206434249878,0.05925442650914192
-1.1679917573928833,0.06637802720069885,434,54374,,
,,434,54374,-1.1877145767211914,0.05943498760461807
-1.1745672225952148,0.066449835896492,435,54499,,
,,435,54499,-1.185649037361145,0.05951427295804024
-1.1748708486557007,0.06621439754962921,436,54624,,
,,436,54624,-1.1859443187713623,0.05948391556739807
-1.170762538909912,0.06645280867815018,437,54749,,
,,437,54749,-1.1886690855026245,0.059279341250658035
-1.1733452081680298,0.06639296561479568,438,54874,,
,,438,54874,-1.1843459606170654,0.05950260907411575
-1.169306755065918,0.06634882837533951,439,54999,,
,,439,54999,-1.1883611679077148,0.059168070554733276
-1.1653127670288086,0.06652206927537918,440,55124,,
,,440,55124,-1.1891762018203735,0.059283725917339325
-1.1729915142059326,0.06633352488279343,441,55249,,
,,441,55249,-1.1845457553863525,0.0596066489815712
-1.17974853515625,0.06637876480817795,442,55374,,
,,442,55374,-1.183614730834961,0.059555526822805405
-1.1689852476119995,0.06632229685783386,443,55499,,
,,443,55499,-1.1871050596237183,0.05938387289643288
-1.1790000200271606,0.06613064557313919,444,55624,,
,,444,55624,-1.1901607513427734,0.05915243178606033
-1.1808055639266968,0.0662996917963028,445,55749,,
,,445,55749,-1.1871469020843506,0.05931949242949486
-1.1607664823532104,0.06647910177707672,446,55874,,
,,446,55874,-1.1847171783447266,0.05972599238157272
-1.1776422262191772,0.06653100997209549,447,55999,,
,,447,55999,-1.1911615133285522,0.05925732105970383
-1.168508529663086,0.06662944704294205,448,56124,,
,,448,56124,-1.1854408979415894,0.05945314094424248
-1.179169774055481,0.06630907207727432,449,56249,,
,,449,56249,-1.184819221496582,0.05971591919660568
-1.1809941530227661,0.06618716567754745,450,56374,,
,,450,56374,-1.188408374786377,0.05952416732907295
-1.1809393167495728,0.06634215265512466,451,56499,,
,,451,56499,-1.1870845556259155,0.05930830538272858
-1.1666477918624878,0.06672567874193192,452,56624,,
,,452,56624,-1.1877778768539429,0.05945749208331108
-1.1766009330749512,0.06641287356615067,453,56749,,
,,453,56749,-1.1868900060653687,0.05952417105436325
-1.1784112453460693,0.06622187048196793,454,56874,,
,,454,56874,-1.1895278692245483,0.05926467850804329
-1.1782957315444946,0.06628283858299255,455,56999,,
,,455,56999,-1.1890082359313965,0.05918465554714203
-1.1662157773971558,0.06650771200656891,456,57124,,
,,456,57124,-1.187523603439331,0.05930116027593613
-1.1729832887649536,0.0666169822216034,457,57249,,
,,457,57249,-1.1852327585220337,0.059720247983932495
-1.1794906854629517,0.06621833145618439,458,57374,,
,,458,57374,-1.1889163255691528,0.059272151440382004
-1.1633843183517456,0.06700874865055084,459,57499,,
,,459,57499,-1.1889444589614868,0.059276338666677475
-1.178787350654602,0.06633531302213669,460,57624,,
,,460,57624,-1.189612627029419,0.05946110188961029
-1.16390860080719,0.06687095016241074,461,57749,,
,,461,57749,-1.1850800514221191,0.059428829699754715
-1.181397557258606,0.0661311224102974,462,57874,,
,,462,57874,-1.1871696710586548,0.059480682015419006
-1.1806977987289429,0.06622690707445145,463,57999,,
,,463,57999,-1.1888563632965088,0.059199023991823196
-1.182625412940979,0.06628114730119705,464,58124,,
,,464,58124,-1.19011652469635,0.059379942715168
-1.1637767553329468,0.06665699183940887,465,58249,,
,,465,58249,-1.1892553567886353,0.05963033437728882
-1.1807515621185303,0.06621337682008743,466,58374,,
,,466,58374,-1.1897764205932617,0.059482622891664505
-1.178947925567627,0.06619037687778473,467,58499,,
,,467,58499,-1.1896623373031616,0.05929648503661156
-1.1825693845748901,0.06609626114368439,468,58624,,
,,468,58624,-1.187038540840149,0.05939474701881409
-1.1819194555282593,0.06621355563402176,469,58749,,
,,469,58749,-1.190774917602539,0.05936666205525398
-1.178283452987671,0.06615777313709259,470,58874,,
,,470,58874,-1.1891366243362427,0.059269800782203674
-1.1858264207839966,0.06610020995140076,471,58999,,
,,471,58999,-1.1869364976882935,0.05940573662519455
-1.182178020477295,0.06640616804361343,472,59124,,
,,472,59124,-1.1897855997085571,0.05939597636461258
-1.1815035343170166,0.06616020947694778,473,59249,,
,,473,59249,-1.1902599334716797,0.0593387708067894
-1.1844522953033447,0.06609493494033813,474,59374,,
,,474,59374,-1.1915251016616821,0.059342287480831146
-1.1738024950027466,0.06629391759634018,475,59499,,
,,475,59499,-1.191803216934204,0.0593523271381855
-1.1788393259048462,0.06670981645584106,476,59624,,
,,476,59624,-1.1916707754135132,0.05922061577439308
-1.1508700847625732,0.06720747798681259,477,59749,,
,,477,59749,-1.1883260011672974,0.0596596896648407
-1.1855090856552124,0.06617113947868347,478,59874,,
,,478,59874,-1.1862967014312744,0.05939697474241257
-1.1786301136016846,0.066342793405056,479,59999,,
,,479,59999,-1.1905790567398071,0.05940185487270355
-1.181143045425415,0.06624981015920639,480,60124,,
,,480,60124,-1.1872851848602295,0.05925404280424118
-1.1804331541061401,0.06645065546035767,481,60249,,
,,481,60249,-1.1906585693359375,0.05942492187023163
-1.1826521158218384,0.06604456901550293,482,60374,,
,,482,60374,-1.1931145191192627,0.059379588812589645
-1.1871329545974731,0.06612463295459747,483,60499,,
,,483,60499,-1.192198395729065,0.05945710092782974
-1.177119255065918,0.06636884808540344,484,60624,,
,,484,60624,-1.1896663904190063,0.059376876801252365
-1.1853371858596802,0.06617293506860733,485,60749,,
,,485,60749,-1.1924041509628296,0.059585485607385635
-1.1738041639328003,0.06679587811231613,486,60874,,
,,486,60874,-1.1927828788757324,0.059325769543647766
-1.1784603595733643,0.06628130376338959,487,60999,,
,,487,60999,-1.1927809715270996,0.05933655425906181
-1.1866347789764404,0.0660957545042038,488,61124,,
,,488,61124,-1.1836298704147339,0.059834226965904236
-1.1854009628295898,0.06607949733734131,489,61249,,
,,489,61249,-1.1907753944396973,0.05949610471725464
-1.1812361478805542,0.06626021862030029,490,61374,,
,,490,61374,-1.1934634447097778,0.05920501798391342
-1.1877390146255493,0.06611143797636032,491,61499,,
,,491,61499,-1.193445086479187,0.05953508988022804
-1.177545428276062,0.06646525859832764,492,61624,,
,,492,61624,-1.1934438943862915,0.059176888316869736
-1.1808509826660156,0.0662185475230217,493,61749,,
,,493,61749,-1.1937426328659058,0.05940034240484238
-1.178693413734436,0.06630391627550125,494,61874,,
,,494,61874,-1.1890634298324585,0.05945618823170662
-1.1819231510162354,0.06618795543909073,495,61999,,
,,495,61999,-1.1893432140350342,0.059550534933805466
-1.1795542240142822,0.06619951874017715,496,62124,,
,,496,62124,-1.1927461624145508,0.059340301901102066
-1.1847589015960693,0.06608076393604279,497,62249,,
,,497,62249,-1.1896334886550903,0.05948389321565628
-1.183484673500061,0.06612223386764526,498,62374,,
,,498,62374,-1.1908005475997925,0.05937710404396057
-1.175095558166504,0.0664728432893753,499,62499,,
,,499,62499,-1.1873708963394165,0.059541232883930206
-1.1848722696304321,0.0663641020655632,500,62624,,
,,500,62624,-1.1916041374206543,0.05960235744714737
-1.169523000717163,0.06651581078767776,501,62749,,
,,501,62749,-1.1914786100387573,0.05922296270728111
-1.1898095607757568,0.06606471538543701,502,62874,,
,,502,62874,-1.1906825304031372,0.05932188406586647
-1.1681244373321533,0.06646645814180374,503,62999,,
,,503,62999,-1.1936042308807373,0.05942296236753464
-1.1834462881088257,0.06620296835899353,504,63124,,
,,504,63124,-1.1922342777252197,0.05932819843292236
-1.1783537864685059,0.06625550240278244,505,63249,,
,,505,63249,-1.194841742515564,0.05938068404793739
-1.1743831634521484,0.0664064958691597,506,63374,,
,,506,63374,-1.1875922679901123,0.05950573831796646
-1.1853827238082886,0.06627859175205231,507,63499,,
,,507,63499,-1.1876965761184692,0.05965789780020714
-1.1780680418014526,0.06632247567176819,508,63624,,
,,508,63624,-1.1928870677947998,0.05922987684607506
-1.1844285726547241,0.06621862202882767,509,63749,,
,,509,63749,-1.189755916595459,0.0593329481780529
-1.1864689588546753,0.06608778238296509,510,63874,,
,,510,63874,-1.1947194337844849,0.059366293251514435
-1.1807399988174438,0.06674167513847351,511,63999,,
,,511,63999,-1.1941663026809692,0.059249963611364365
-1.1865674257278442,0.06607715785503387,512,64124,,
,,512,64124,-1.1907541751861572,0.05967080220580101
-1.163664698600769,0.06671204417943954,513,64249,,
,,513,64249,-1.1927136182785034,0.05926889926195145
-1.186806321144104,0.06614254415035248,514,64374,,
,,514,64374,-1.1915912628173828,0.0594794899225235
-1.1724412441253662,0.06665158271789551,515,64499,,
,,515,64499,-1.1931270360946655,0.05925964564085007
-1.190329909324646,0.06628483533859253,516,64624,,
,,516,64624,-1.1904414892196655,0.05965235456824303
-1.1838966608047485,0.06633476912975311,517,64749,,
,,517,64749,-1.1909127235412598,0.05961303040385246
-1.1559805870056152,0.06669160723686218,518,64874,,
,,518,64874,-1.1942083835601807,0.05944138020277023
-1.1803735494613647,0.06640627235174179,519,64999,,
,,519,64999,-1.190619707107544,0.0594678670167923
-1.1792980432510376,0.06625726819038391,520,65124,,
,,520,65124,-1.1941975355148315,0.059292566031217575
-1.172511100769043,0.06652259826660156,521,65249,,
,,521,65249,-1.1936838626861572,0.05967247113585472
-1.1873959302902222,0.06607190519571304,522,65374,,
,,522,65374,-1.1932936906814575,0.05925489962100983
-1.180782675743103,0.06651345640420914,523,65499,,
,,523,65499,-1.191887617111206,0.059483785182237625
-1.1878465414047241,0.06610860675573349,524,65624,,
,,524,65624,-1.1899683475494385,0.059378135949373245
-1.1797887086868286,0.06640776991844177,525,65749,,
,,525,65749,-1.190716028213501,0.059350594878196716
-1.1718389987945557,0.06650971621274948,526,65874,,
,,526,65874,-1.192609429359436,0.05939248949289322
-1.1821991205215454,0.06617288291454315,527,65999,,
,,527,65999,-1.1937817335128784,0.05943110212683678
-1.1776083707809448,0.06622402369976044,528,66124,,
,,528,66124,-1.1939268112182617,0.05927122384309769
-1.1921619176864624,0.06602256745100021,529,66249,,
,,529,66249,-1.1909263134002686,0.05956091731786728
-1.1851407289505005,0.06627775728702545,530,66374,,
,,530,66374,-1.194670557975769,0.059410467743873596
-1.1804264783859253,0.06620429456233978,531,66499,,
,,531,66499,-1.1932971477508545,0.0593579038977623
-1.1838593482971191,0.06611981242895126,532,66624,,
,,532,66624,-1.1900895833969116,0.059434570372104645
-1.1737488508224487,0.06615615636110306,533,66749,,
,,533,66749,-1.1944029331207275,0.059504080563783646
-1.1753644943237305,0.06628009676933289,534,66874,,
,,534,66874,-1.1938138008117676,0.05958421155810356
-1.1868064403533936,0.06603923439979553,535,66999,,
,,535,66999,-1.1953564882278442,0.059284526854753494
-1.1820038557052612,0.06619139015674591,536,67124,,
,,536,67124,-1.1919283866882324,0.059415582567453384
-1.1914091110229492,0.06608626991510391,537,67249,,
,,537,67249,-1.1949763298034668,0.05919671803712845
-1.185275912284851,0.06619977205991745,538,67374,,
,,538,67374,-1.192692756652832,0.05954335629940033
-1.1801173686981201,0.06649279594421387,539,67499,,
,,539,67499,-1.1930197477340698,0.0593993216753006
-1.1829583644866943,0.06652852892875671,540,67624,,
,,540,67624,-1.1927540302276611,0.05946984887123108
-1.1787062883377075,0.06641510128974915,541,67749,,
,,541,67749,-1.1918656826019287,0.059427473694086075
-1.1716210842132568,0.06678754836320877,542,67874,,
,,542,67874,-1.190476417541504,0.05950862541794777
-1.178602695465088,0.06640908867120743,543,67999,,
,,543,67999,-1.1939027309417725,0.05943095311522484
-1.1756935119628906,0.06623467057943344,544,68124,,
,,544,68124,-1.194998025894165,0.059523116797208786
-1.1860597133636475,0.06614014506340027,545,68249,,
,,545,68249,-1.1915571689605713,0.059441015124320984
-1.1921977996826172,0.06609681248664856,546,68374,,
,,546,68374,-1.1918684244155884,0.05924757570028305
-1.1798756122589111,0.06613332778215408,547,68499,,
,,547,68499,-1.1946020126342773,0.05930878594517708
-1.1771342754364014,0.06669910252094269,548,68624,,
,,548,68624,-1.1893384456634521,0.05937726050615311
-1.1914758682250977,0.06594094634056091,549,68749,,
,,549,68749,-1.1942311525344849,0.05921332910656929
-1.1915725469589233,0.06595782190561295,550,68874,,
,,550,68874,-1.1949687004089355,0.059327587485313416
-1.1909279823303223,0.06615275889635086,551,68999,,
,,551,68999,-1.1925877332687378,0.059538181871175766
-1.1840256452560425,0.06606143712997437,552,69124,,
,,552,69124,-1.1942142248153687,0.05933872237801552
-1.1891179084777832,0.06598065793514252,553,69249,,
,,553,69249,-1.1929577589035034,0.05957479774951935
-1.186519980430603,0.06630213558673859,554,69374,,
,,554,69374,-1.1925054788589478,0.059310607612133026
-1.1779383420944214,0.06619804352521896,555,69499,,
,,555,69499,-1.1928894519805908,0.05940175801515579
-1.1783188581466675,0.06661961227655411,556,69624,,
,,556,69624,-1.1946638822555542,0.05928700789809227
-1.1852408647537231,0.06632845103740692,557,69749,,
,,557,69749,-1.1940643787384033,0.05940727889537811
-1.1941412687301636,0.06595747172832489,558,69874,,
,,558,69874,-1.1910866498947144,0.05944336950778961
-1.178830862045288,0.06687528640031815,559,69999,,
,,559,69999,-1.189333438873291,0.059586115181446075
-1.188227653503418,0.06629716604948044,560,70124,,
,,560,70124,-1.19423246383667,0.05935719981789589
-1.1817814111709595,0.0662449300289154,561,70249,,
,,561,70249,-1.1933376789093018,0.05944087356328964
-1.191218376159668,0.06603606045246124,562,70374,,
,,562,70374,-1.1947379112243652,0.0593351386487484
-1.1906428337097168,0.06593312323093414,563,70499,,
,,563,70499,-1.1948660612106323,0.059203073382377625
-1.1923811435699463,0.06595171242952347,564,70624,,
,,564,70624,-1.1951733827590942,0.05950768664479256
-1.1890901327133179,0.06611442565917969,565,70749,,
,,565,70749,-1.1952232122421265,0.059356797486543655
-1.1886730194091797,0.06617551296949387,566,70874,,
,,566,70874,-1.1946146488189697,0.05939295142889023
-1.186617136001587,0.06613504886627197,567,70999,,
,,567,70999,-1.1975700855255127,0.05933738499879837
-1.1873610019683838,0.06621531397104263,568,71124,,
,,568,71124,-1.1947871446609497,0.05952680483460426
-1.190147042274475,0.06607910245656967,569,71249,,
,,569,71249,-1.1965844631195068,0.05936156585812569
-1.1847673654556274,0.06634369492530823,570,71374,,
,,570,71374,-1.195050835609436,0.05926300585269928
-1.1928694248199463,0.06606686115264893,571,71499,,
,,571,71499,-1.1966983079910278,0.05949660763144493
-1.1756471395492554,0.06642425805330276,572,71624,,
,,572,71624,-1.197398066520691,0.059284668415784836
-1.1884042024612427,0.06632912158966064,573,71749,,
,,573,71749,-1.1941369771957397,0.05935758724808693
-1.1676253080368042,0.06658202409744263,574,71874,,
,,574,71874,-1.1902995109558105,0.05937623232603073
-1.178037166595459,0.06629534810781479,575,71999,,
,,575,71999,-1.1925212144851685,0.0593218095600605
-1.1814422607421875,0.06659604609012604,576,72124,,
,,576,72124,-1.1933027505874634,0.05947507917881012
-1.1905874013900757,0.06599866598844528,577,72249,,
,,577,72249,-1.1908587217330933,0.05961748585104942
-1.1776928901672363,0.06645718216896057,578,72374,,
,,578,72374,-1.197680950164795,0.05923030152916908
-1.1845816373825073,0.06627438217401505,579,72499,,
,,579,72499,-1.196027398109436,0.05931130424141884
-1.18576979637146,0.06608836352825165,580,72624,,
,,580,72624,-1.1970007419586182,0.05921066924929619
-1.1902239322662354,0.0661030262708664,581,72749,,
,,581,72749,-1.1966861486434937,0.05947991460561752
-1.1946749687194824,0.0658816322684288,582,72874,,
,,582,72874,-1.195268988609314,0.05926726013422012
-1.1747294664382935,0.06649183481931686,583,72999,,
,,583,72999,-1.195232629776001,0.05920412763953209
-1.1944875717163086,0.06613612174987793,584,73124,,
,,584,73124,-1.1957672834396362,0.05923719331622124
-1.168271780014038,0.06629694253206253,585,73249,,
,,585,73249,-1.1945343017578125,0.05930129066109657
-1.1587255001068115,0.0667555034160614,586,73374,,
,,586,73374,-1.1966688632965088,0.059373367577791214
-1.1893426179885864,0.06606857478618622,587,73499,,
,,587,73499,-1.1947636604309082,0.05946684628725052
-1.189110517501831,0.06592464447021484,588,73624,,
,,588,73624,-1.1930232048034668,0.059590525925159454
-1.1903712749481201,0.06607367843389511,589,73749,,
,,589,73749,-1.1892507076263428,0.05957729369401932
-1.1928049325942993,0.06610392034053802,590,73874,,
,,590,73874,-1.189510703086853,0.05924626812338829
-1.1839187145233154,0.0660918727517128,591,73999,,
,,591,73999,-1.1971418857574463,0.05932582542300224
-1.1826480627059937,0.06599932909011841,592,74124,,
,,592,74124,-1.1952120065689087,0.05943428352475166
-1.190890908241272,0.06608273088932037,593,74249,,
,,593,74249,-1.1957101821899414,0.05940721184015274
-1.1820039749145508,0.06633112579584122,594,74374,,
,,594,74374,-1.1956439018249512,0.05933463200926781
-1.1699762344360352,0.06674546748399734,595,74499,,
,,595,74499,-1.1937390565872192,0.05938619375228882
-1.1800392866134644,0.06642397493124008,596,74624,,
,,596,74624,-1.187972068786621,0.05974861979484558
-1.1898114681243896,0.06624456495046616,597,74749,,
,,597,74749,-1.1972256898880005,0.059380754828453064
-1.1536192893981934,0.06678992509841919,598,74874,,
,,598,74874,-1.1920164823532104,0.059602271765470505
-1.1955407857894897,0.06593258678913116,599,74999,,
,,599,74999,-1.1897493600845337,0.059649307280778885
-1.1931207180023193,0.06600892543792725,600,75124,,
,,600,75124,-1.1960740089416504,0.059374235570430756
-1.1824839115142822,0.06623206287622452,601,75249,,
,,601,75249,-1.191776990890503,0.059580255299806595
-1.192192792892456,0.06633654236793518,602,75374,,
,,602,75374,-1.1975797414779663,0.059487245976924896
-1.180126428604126,0.06624307483434677,603,75499,,
,,603,75499,-1.1945840120315552,0.059569526463747025
-1.1933261156082153,0.06603418290615082,604,75624,,
,,604,75624,-1.1925654411315918,0.059512436389923096
-1.1745363473892212,0.06600938737392426,605,75749,,
,,605,75749,-1.1934911012649536,0.059339240193367004
-1.1965205669403076,0.06585671752691269,606,75874,,
,,606,75874,-1.1939096450805664,0.0594935342669487
-1.153364658355713,0.06685848534107208,607,75999,,
,,607,75999,-1.1933337450027466,0.05964328348636627
-1.1902683973312378,0.06604176014661789,608,76124,,
,,608,76124,-1.1955426931381226,0.059229422360658646
-1.1746777296066284,0.06650308519601822,609,76249,,
,,609,76249,-1.195740818977356,0.05949968472123146
-1.1960800886154175,0.06599780917167664,610,76374,,
,,610,76374,-1.190977931022644,0.05948410555720329
-1.1937826871871948,0.0660656988620758,611,76499,,
,,611,76499,-1.1977248191833496,0.0592786930501461
-1.1871769428253174,0.06642752885818481,612,76624,,
,,612,76624,-1.1948050260543823,0.059326548129320145
-1.1929703950881958,0.06586838513612747,613,76749,,
,,613,76749,-1.1938624382019043,0.0595601350069046
-1.192954182624817,0.06591686606407166,614,76874,,
,,614,76874,-1.1948683261871338,0.059387918561697006
-1.1763752698898315,0.06674402952194214,615,76999,,
,,615,76999,-1.193647861480713,0.059504542499780655
-1.1928852796554565,0.06652189046144485,616,77124,,
,,616,77124,-1.194777011871338,0.05937626212835312
-1.1781307458877563,0.06646516174077988,617,77249,,
,,617,77249,-1.196772575378418,0.05942754074931145
-1.1808151006698608,0.06641233712434769,618,77374,,
,,618,77374,-1.1929653882980347,0.05948489531874657
-1.1892344951629639,0.06589673459529877,619,77499,,
,,619,77499,-1.1977421045303345,0.05946788191795349
-1.1788995265960693,0.06616337597370148,620,77624,,
,,620,77624,-1.195220947265625,0.05929521843791008
-1.178254246711731,0.06656186282634735,621,77749,,
,,621,77749,-1.193189263343811,0.05940572917461395
-1.1915332078933716,0.06609088182449341,622,77874,,
,,622,77874,-1.1961630582809448,0.05945897847414017
-1.1931525468826294,0.06603856384754181,623,77999,,
,,623,77999,-1.198270559310913,0.05916864052414894
-1.1788867712020874,0.0664837658405304,624,78124,,
,,624,78124,-1.2005027532577515,0.05941954627633095
-1.181664228439331,0.06738577783107758,625,78249,,
,,625,78249,-1.1992323398590088,0.05941437929868698
-1.1862925291061401,0.06617286056280136,626,78374,,
,,626,78374,-1.191470742225647,0.059532806277275085
-1.1934492588043213,0.06602152436971664,627,78499,,
,,627,78499,-1.193233609199524,0.059465158730745316
-1.1926358938217163,0.06629907339811325,628,78624,,
,,628,78624,-1.1979624032974243,0.05938532575964928
-1.1921488046646118,0.06601196527481079,629,78749,,
,,629,78749,-1.196190357208252,0.059480346739292145
-1.1941652297973633,0.06602770835161209,630,78874,,
,,630,78874,-1.1979718208312988,0.059574101120233536
-1.191135287284851,0.06618988513946533,631,78999,,
,,631,78999,-1.1963123083114624,0.05924267694354057
-1.194339632987976,0.06611571460962296,632,79124,,
,,632,79124,-1.196744441986084,0.05959511920809746
-1.1837551593780518,0.06611797213554382,633,79249,,
,,633,79249,-1.1938384771347046,0.05962403491139412
-1.195278286933899,0.0660163164138794,634,79374,,
,,634,79374,-1.1990023851394653,0.059197183698415756
-1.1885167360305786,0.06585928797721863,635,79499,,
,,635,79499,-1.1987173557281494,0.05928885564208031
-1.187005877494812,0.06604982912540436,636,79624,,
,,636,79624,-1.192570447921753,0.05950779840350151
-1.1937888860702515,0.06600658595561981,637,79749,,
,,637,79749,-1.1967568397521973,0.05928004905581474
-1.1827788352966309,0.06603208929300308,638,79874,,
,,638,79874,-1.1953437328338623,0.059247780591249466
-1.1943094730377197,0.06590321660041809,639,79999,,
,,639,79999,-1.1970243453979492,0.059477005153894424
-1.1940103769302368,0.06609470397233963,640,80124,,
,,640,80124,-1.194034218788147,0.059578053653240204
-1.1943379640579224,0.06623297929763794,641,80249,,
,,641,80249,-1.1956911087036133,0.05952165648341179
-1.1867824792861938,0.06645862758159637,642,80374,,
,,642,80374,-1.194223403930664,0.059594303369522095
-1.192143440246582,0.06609823554754257,643,80499,,
,,643,80499,-1.1994096040725708,0.059441789984703064
-1.1972756385803223,0.06592399626970291,644,80624,,
,,644,80624,-1.1943135261535645,0.059379059821367264
-1.1973085403442383,0.06584610790014267,645,80749,,
,,645,80749,-1.1976335048675537,0.05941624566912651
-1.1888151168823242,0.06609472632408142,646,80874,,
,,646,80874,-1.2016319036483765,0.05931208282709122
-1.1951088905334473,0.06592744588851929,647,80999,,
,,647,80999,-1.191528081893921,0.059719447046518326
-1.1969842910766602,0.06604786962270737,648,81124,,
,,648,81124,-1.1983369588851929,0.05932960659265518
-1.1939345598220825,0.06595323234796524,649,81249,,
,,649,81249,-1.1998683214187622,0.05949009954929352
-1.1856039762496948,0.06627672910690308,650,81374,,
,,650,81374,-1.1966413259506226,0.059299759566783905
-1.1615222692489624,0.06668119877576828,651,81499,,
,,651,81499,-1.1965217590332031,0.05958373844623566
-1.1959898471832275,0.06599336862564087,652,81624,,
,,652,81624,-1.197933554649353,0.059411030262708664
-1.1844061613082886,0.06618789583444595,653,81749,,
,,653,81749,-1.1949459314346313,0.059435222297906876
-1.1916673183441162,0.06586813181638718,654,81874,,
,,654,81874,-1.1964466571807861,0.05960081145167351
-1.197616457939148,0.06589993089437485,655,81999,,
,,655,81999,-1.197244644165039,0.05930519104003906
-1.200107455253601,0.06576338410377502,656,82124,,
,,656,82124,-1.1930676698684692,0.059679701924324036
-1.1994426250457764,0.06586147099733353,657,82249,,
,,657,82249,-1.1962854862213135,0.05943649634718895
-1.1857540607452393,0.06605280190706253,658,82374,,
,,658,82374,-1.1966334581375122,0.05930693820118904
-1.1944270133972168,0.06589385122060776,659,82499,,
,,659,82499,-1.197931170463562,0.05947721004486084
-1.192818284034729,0.06577469408512115,660,82624,,
,,660,82624,-1.2019256353378296,0.05923112481832504
-1.2003334760665894,0.06581956893205643,661,82749,,
,,661,82749,-1.198691725730896,0.05943717807531357
-1.197084903717041,0.06593069434165955,662,82874,,
,,662,82874,-1.1958564519882202,0.059565868228673935
-1.1784881353378296,0.06628431379795074,663,82999,,
,,663,82999,-1.2005393505096436,0.05963319540023804
-1.1924430131912231,0.06608826667070389,664,83124,,
,,664,83124,-1.2007273435592651,0.05926373228430748
-1.1983866691589355,0.06590449064970016,665,83249,,
,,665,83249,-1.1978696584701538,0.0593322217464447
-1.1812258958816528,0.06628294289112091,666,83374,,
,,666,83374,-1.1965702772140503,0.059400055557489395
-1.1981390714645386,0.06601569801568985,667,83499,,
,,667,83499,-1.1975386142730713,0.05951731279492378
-1.1905831098556519,0.06620529294013977,668,83624,,
,,668,83624,-1.1957144737243652,0.05949420481920242
-1.1949496269226074,0.06618985533714294,669,83749,,
,,669,83749,-1.1977527141571045,0.05953504145145416
-1.1960394382476807,0.06603697687387466,670,83874,,
,,670,83874,-1.19818115234375,0.05957215279340744
-1.1921188831329346,0.06587644666433334,671,83999,,
,,671,83999,-1.19654381275177,0.05950901284813881
-1.1921818256378174,0.0658961609005928,672,84124,,
,,672,84124,-1.19609797000885,0.05924782529473305
-1.1950438022613525,0.06591971218585968,673,84249,,
,,673,84249,-1.1978641748428345,0.059423550963401794
-1.193457841873169,0.06590273231267929,674,84374,,
,,674,84374,-1.1982914209365845,0.05952097475528717
-1.1913106441497803,0.06640855222940445,675,84499,,
,,675,84499,-1.1999056339263916,0.05924214422702789
-1.178450584411621,0.0664663165807724,676,84624,,
,,676,84624,-1.1962697505950928,0.059741102159023285
-1.1894925832748413,0.066250741481781,677,84749,,
,,677,84749,-1.1978155374526978,0.059519462287425995
-1.193732738494873,0.06629301607608795,678,84874,,
,,678,84874,-1.1950008869171143,0.059445854276418686
-1.2001538276672363,0.06593623757362366,679,84999,,
,,679,84999,-1.1982173919677734,0.05963681638240814
-1.1973215341567993,0.06587283313274384,680,85124,,
,,680,85124,-1.196031928062439,0.05948913097381592
-1.1937850713729858,0.06610171496868134,681,85249,,
,,681,85249,-1.1979620456695557,0.05931072309613228
-1.1938899755477905,0.06582534313201904,682,85374,,
,,682,85374,-1.1967357397079468,0.059641581028699875
-1.19612455368042,0.06596007943153381,683,85499,,
,,683,85499,-1.19684898853302,0.05950113758444786
-1.1948626041412354,0.06592479348182678,684,85624,,
,,684,85624,-1.1929054260253906,0.05976460874080658
-1.1942474842071533,0.06611988693475723,685,85749,,
,,685,85749,-1.2028032541275024,0.05929800495505333
-1.1985820531845093,0.0658123567700386,686,85874,,
,,686,85874,-1.1981972455978394,0.059431884437799454
-1.191570520401001,0.06622400879859924,687,85999,,
,,687,85999,-1.197289228439331,0.05965513363480568
-1.1899768114089966,0.0661986842751503,688,86124,,
,,688,86124,-1.1958668231964111,0.059653390198946
-1.1865577697753906,0.06611905246973038,689,86249,,
,,689,86249,-1.1996288299560547,0.05960015952587128
-1.1897896528244019,0.06607376039028168,690,86374,,
,,690,86374,-1.199491024017334,0.059383686631917953
-1.2006603479385376,0.06583184748888016,691,86499,,
,,691,86499,-1.198923110961914,0.05949650704860687
-1.1749056577682495,0.06626340746879578,692,86624,,
,,692,86624,-1.1958118677139282,0.05947044864296913
-1.1958478689193726,0.06592395156621933,693,86749,,
,,693,86749,-1.2013533115386963,0.059239380061626434
-1.1531974077224731,0.0667017474770546,694,86874,,
,,694,86874,-1.1999839544296265,0.05941610783338547
-1.1836555004119873,0.06591605395078659,695,86999,,
,,695,86999,-1.1945961713790894,0.05939609184861183
-1.1969060897827148,0.06600330770015717,696,87124,,
,,696,87124,-1.1960045099258423,0.0594862662255764
-1.1964174509048462,0.06585881859064102,697,87249,,
,,697,87249,-1.1987760066986084,0.059259574860334396
-1.1922045946121216,0.06622511893510818,698,87374,,
,,698,87374,-1.2013784646987915,0.059289030730724335
-1.1928516626358032,0.06588894128799438,699,87499,,
,,699,87499,-1.1992524862289429,0.059611447155475616
-1.1938596963882446,0.06608635187149048,700,87624,,
,,700,87624,-1.198521614074707,0.059540554881095886
-1.2023591995239258,0.065823994576931,701,87749,,
,,701,87749,-1.2006553411483765,0.05932976305484772
-1.194042682647705,0.06602952629327774,702,87874,,
,,702,87874,-1.1980946063995361,0.059357527643442154
-1.198651909828186,0.06602343916893005,703,87999,,
,,703,87999,-1.1994943618774414,0.05949792265892029
-1.1834261417388916,0.06624103337526321,704,88124,,
,,704,88124,-1.2006385326385498,0.05955125018954277
-1.1821078062057495,0.06626185774803162,705,88249,,
,,705,88249,-1.197452425956726,0.059470854699611664
-1.1842772960662842,0.06621680408716202,706,88374,,
,,706,88374,-1.1964361667633057,0.05923817679286003
-1.1990894079208374,0.06591736525297165,707,88499,,
,,707,88499,-1.200191617012024,0.05942831188440323
-1.1992594003677368,0.0659155324101448,708,88624,,
,,708,88624,-1.2025083303451538,0.0593135766685009
-1.1983071565628052,0.06583378463983536,709,88749,,
,,709,88749,-1.199546217918396,0.05944043770432472
-1.1957459449768066,0.06613979488611221,710,88874,,
,,710,88874,-1.1991111040115356,0.059709060937166214
-1.1929534673690796,0.06605745851993561,711,88999,,
,,711,88999,-1.1985433101654053,0.05952936038374901
-1.1841398477554321,0.06603095680475235,712,89124,,
,,712,89124,-1.2011141777038574,0.059426914900541306
-1.1907747983932495,0.06623649597167969,713,89249,,
,,713,89249,-1.1985245943069458,0.05945857986807823
-1.1917122602462769,0.06622646003961563,714,89374,,
,,714,89374,-1.196731448173523,0.05941278859972954
-1.1944950819015503,0.0659782662987709,715,89499,,
,,715,89499,-1.1962252855300903,0.059619609266519547
-1.191705584526062,0.06638429313898087,716,89624,,
,,716,89624,-1.1965579986572266,0.05946022644639015
-1.1912641525268555,0.06608135253190994,717,89749,,
,,717,89749,-1.1990439891815186,0.05936885625123978
-1.2027184963226318,0.06579098850488663,718,89874,,
,,718,89874,-1.2015844583511353,0.059416476637125015
-1.1855934858322144,0.06635898351669312,719,89999,,
,,719,89999,-1.200753927230835,0.059509407728910446
-1.19227135181427,0.06605850905179977,720,90124,,
,,720,90124,-1.1986029148101807,0.05943373590707779
-1.186769962310791,0.06627431511878967,721,90249,,
,,721,90249,-1.2007695436477661,0.059342678636312485
-1.1905792951583862,0.06591696292161942,722,90374,,
,,722,90374,-1.196853756904602,0.059511926025152206
-1.1902319192886353,0.06640404462814331,723,90499,,
,,723,90499,-1.200181484222412,0.0593380443751812
-1.1908128261566162,0.066080741584301,724,90624,,
,,724,90624,-1.2011030912399292,0.05934787914156914
-1.1904007196426392,0.06626088172197342,725,90749,,
,,725,90749,-1.193519949913025,0.05978020280599594
-1.1952095031738281,0.06619247794151306,726,90874,,
,,726,90874,-1.198453664779663,0.0595829002559185
-1.2011297941207886,0.06586992740631104,727,90999,,
,,727,90999,-1.1991113424301147,0.05942317843437195
-1.1642565727233887,0.06617843359708786,728,91124,,
,,728,91124,-1.1953355073928833,0.05956657975912094
-1.187429666519165,0.06608696281909943,729,91249,,
,,729,91249,-1.196705937385559,0.05941972881555557
-1.1968327760696411,0.06590279191732407,730,91374,,
,,730,91374,-1.1992417573928833,0.05947137624025345
-1.197927713394165,0.06589486449956894,731,91499,,
,,731,91499,-1.1971415281295776,0.05946652591228485
-1.1932902336120605,0.06592079252004623,732,91624,,
,,732,91624,-1.1962099075317383,0.0594857856631279
-1.1785651445388794,0.06663431972265244,733,91749,,
,,733,91749,-1.1958690881729126,0.059614770114421844
-1.2021405696868896,0.06576257944107056,734,91874,,
,,734,91874,-1.193263053894043,0.05958370864391327
-1.1883150339126587,0.06638775765895844,735,91999,,
,,735,91999,-1.1996222734451294,0.059332676231861115
-1.2030115127563477,0.06577859073877335,736,92124,,
,,736,92124,-1.1969667673110962,0.05944094806909561
-1.1906472444534302,0.06633472442626953,737,92249,,
,,737,92249,-1.1989476680755615,0.05955751985311508
-1.1963725090026855,0.06616160273551941,738,92374,,
,,738,92374,-1.1996783018112183,0.05955098941922188
-1.195935845375061,0.06619823724031448,739,92499,,
,,739,92499,-1.198460340499878,0.05936632677912712
-1.1810402870178223,0.06624475121498108,740,92624,,
,,740,92624,-1.1997452974319458,0.059313420206308365
-1.1969361305236816,0.0658387690782547,741,92749,,
,,741,92749,-1.197629451751709,0.05959028750658035
-1.1944448947906494,0.0661458969116211,742,92874,,
,,742,92874,-1.1992634534835815,0.05941285192966461
-1.1935359239578247,0.06587326526641846,743,92999,,
,,743,92999,-1.2028400897979736,0.059283409267663956
-1.195142388343811,0.06627076119184494,744,93124,,
,,744,93124,-1.2015527486801147,0.05936126783490181
-1.193681240081787,0.06635802984237671,745,93249,,
,,745,93249,-1.2004562616348267,0.05958566442131996
-1.1903735399246216,0.06615068763494492,746,93374,,
,,746,93374,-1.2012176513671875,0.05942744389176369
-1.2011817693710327,0.06592906266450882,747,93499,,
,,747,93499,-1.1973464488983154,0.05940866470336914
-1.2012200355529785,0.06586514413356781,748,93624,,
,,748,93624,-1.199495553970337,0.05932125821709633
-1.1994149684906006,0.06598503887653351,749,93749,,
,,749,93749,-1.2003870010375977,0.05946729704737663
-1.192408561706543,0.06620598584413528,750,93874,,
,,750,93874,-1.20154869556427,0.05928516015410423
-1.1912652254104614,0.06595272570848465,751,93999,,
,,751,93999,-1.1986992359161377,0.05962124466896057
-1.1919455528259277,0.06633712351322174,752,94124,,
,,752,94124,-1.1969679594039917,0.05962557718157768
-1.1979725360870361,0.06594402343034744,753,94249,,
,,753,94249,-1.1978663206100464,0.05958296358585358
-1.1950173377990723,0.06603019684553146,754,94374,,
,,754,94374,-1.2012392282485962,0.05948001891374588
-1.1831128597259521,0.06631873548030853,755,94499,,
,,755,94499,-1.1998587846755981,0.05950823053717613
-1.2012749910354614,0.06573140621185303,756,94624,,
,,756,94624,-1.1963233947753906,0.059755682945251465
-1.1950143575668335,0.06615390628576279,757,94749,,
,,757,94749,-1.2025015354156494,0.05954302102327347
-1.1861963272094727,0.06604591012001038,758,94874,,
,,758,94874,-1.2003817558288574,0.059281185269355774
-1.178242564201355,0.06659309566020966,759,94999,,
,,759,94999,-1.1948353052139282,0.059590134769678116
-1.17507004737854,0.06624482572078705,760,95124,,
,,760,95124,-1.1984657049179077,0.059376757591962814
-1.194252371788025,0.06613791733980179,761,95249,,
,,761,95249,-1.2025114297866821,0.059547971934080124
-1.1935502290725708,0.06599178910255432,762,95374,,
,,762,95374,-1.2008507251739502,0.059410784393548965
-1.1928963661193848,0.06603717058897018,763,95499,,
,,763,95499,-1.2005504369735718,0.05952367186546326
-1.2011480331420898,0.06577277928590775,764,95624,,
,,764,95624,-1.2006261348724365,0.05963144823908806
-1.2016408443450928,0.06590926647186279,765,95749,,
,,765,95749,-1.2020866870880127,0.05948594957590103
-1.1990714073181152,0.06602299213409424,766,95874,,
,,766,95874,-1.2030613422393799,0.059333667159080505
-1.1935710906982422,0.06623458117246628,767,95999,,
,,767,95999,-1.1956595182418823,0.059731531888246536
-1.1953493356704712,0.06589517742395401,768,96124,,
,,768,96124,-1.1961613893508911,0.05943956971168518
-1.2011252641677856,0.06584494560956955,769,96249,,
,,769,96249,-1.1984528303146362,0.059582263231277466
-1.187260389328003,0.06639803200960159,770,96374,,
,,770,96374,-1.1982216835021973,0.059589482843875885
-1.1968315839767456,0.0660763531923294,771,96499,,
,,771,96499,-1.1986440420150757,0.0597015917301178
-1.198566198348999,0.0662807747721672,772,96624,,
,,772,96624,-1.1982877254486084,0.059651441872119904
-1.2007322311401367,0.06591908633708954,773,96749,,
,,773,96749,-1.1970537900924683,0.05957440659403801
-1.1979256868362427,0.06605438888072968,774,96874,,
,,774,96874,-1.200393557548523,0.0594429150223732
-1.1971248388290405,0.06601804494857788,775,96999,,
,,775,96999,-1.2000774145126343,0.059321824461221695
-1.1963231563568115,0.06615614891052246,776,97124,,
,,776,97124,-1.2018216848373413,0.059537842869758606
-1.1934154033660889,0.06642734259366989,777,97249,,
,,777,97249,-1.1999449729919434,0.059400368481874466
-1.1926054954528809,0.06609347462654114,778,97374,,
,,778,97374,-1.1993050575256348,0.05943743884563446
-1.1912202835083008,0.0665663406252861,779,97499,,
,,779,97499,-1.2004330158233643,0.05928996205329895
-1.1952608823776245,0.06622352451086044,780,97624,,
,,780,97624,-1.1985347270965576,0.05963066220283508
-1.1934504508972168,0.06612741947174072,781,97749,,
,,781,97749,-1.199977993965149,0.059552863240242004
-1.1998085975646973,0.06598670780658722,782,97874,,
,,782,97874,-1.201521873474121,0.059459198266267776
-1.1952728033065796,0.06603164225816727,783,97999,,
,,783,97999,-1.1982054710388184,0.059711258858442307
-1.2008448839187622,0.06577359884977341,784,98124,,
,,784,98124,-1.2002904415130615,0.05968913808465004
-1.2006218433380127,0.06603775918483734,785,98249,,
,,785,98249,-1.1989339590072632,0.05937995761632919
-1.199561595916748,0.06596285104751587,786,98374,,
,,786,98374,-1.2003391981124878,0.059687718749046326
-1.2009629011154175,0.06589007377624512,787,98499,,
,,787,98499,-1.1985769271850586,0.05949854105710983
